trait,population,n_samples,mean,std,median,iqr,percentile_5,percentile_25,percentile_75,percentile_95,skewness,kurtosis,shapiro_p,q25,q75,p5,p95,method
Alcohol dependence,EUR,503,0.037177,0.032858,0.0375,0.0375,0.0,0.0,0.0375,0.0875,0.898909,1.097936,0.0,,,,,
Alcohol dependence,AFR,661,0.017228,0.022474,0.0,0.0375,0.0,0.0,0.0375,0.0375,1.006962,0.444195,0.0,,,,,
Alcohol dependence,EAS,504,0.162004,0.062644,0.1625,0.0875,0.0375,0.125,0.2125,0.25,-0.373349,-0.623153,0.0,,,,,
Alcohol dependence,SAS,489,0.02091,0.029193,0.0,0.0375,0.0,0.0,0.0375,0.075,1.655759,3.497714,0.0,,,,,
Alcohol dependence,AMR,347,0.045209,0.039768,0.0375,0.075,0.0,0.0,0.075,0.125,1.043145,1.5683,0.0,,,,,
Alcohol flush reaction,EUR,503,0.002162,0.009064,0.0,0.0,0.0,0.0,0.0,0.0375,4.212374,17.777706,0.0,,,,,
Alcohol flush reaction,AFR,661,0.000492,0.007167,0.0,0.0,0.0,0.0,0.0,0.0,16.316364,275.569176,0.0,,,,,
Alcohol flush reaction,EAS,504,0.095709,0.075708,0.075,0.125,0.0,0.0375,0.1625,0.2,1.075238,0.545431,0.0,,,,,
Alcohol flush reaction,SAS,489,0.001534,0.007813,0.0,0.0,0.0,0.0,0.0,0.0,5.300497,29.655916,0.0,,,,,
Alcohol flush reaction,AMR,347,0.005043,0.015867,0.0,0.0,0.0,0.0,0.0,0.0375,4.059007,20.956747,0.0,,,,,
Alzheimer risk,EUR,503,0.041973,0.056173,0.0,0.1,0.0,0.0,0.1,0.1,0.964283,-0.059282,0.0,,,,,
Alzheimer risk,AFR,661,0.071558,0.067089,0.0875,0.1,0.0,0.0,0.1,0.2,0.433535,-0.756304,0.0,,,,,
Alzheimer risk,EAS,504,0.034797,0.052127,0.0,0.0875,0.0,0.0,0.0875,0.1,1.193766,0.469291,0.0,,,,,
Alzheimer risk,SAS,489,0.025077,0.046057,0.0,0.0,0.0,0.0,0.0,0.1,1.578966,1.525931,0.0,,,,,
Alzheimer risk,AMR,347,0.029071,0.047699,0.0,0.0875,0.0,0.0,0.0875,0.1,1.272496,0.471279,0.0,,,,,
Apolipoprotein A1,EUR,503,0.053295,0.042203,0.04,0.04,0.0,0.04,0.08,0.1425,0.642488,0.052711,0.0,,,,,
Apolipoprotein A1,AFR,661,0.039773,0.040606,0.04,0.0625,0.0,0.0,0.0625,0.1025,0.819605,0.130177,0.0,,,,,
Apolipoprotein A1,EAS,504,0.060382,0.046919,0.0625,0.0625,0.0,0.04,0.1025,0.1425,0.491261,-0.369534,0.0,,,,,
Apolipoprotein A1,SAS,489,0.059473,0.04408,0.04,0.0625,0.0,0.04,0.1025,0.1425,0.46505,-0.301449,0.0,,,,,
Apolipoprotein A1,AMR,347,0.06348,0.048374,0.0625,0.0625,0.0,0.04,0.1025,0.1425,0.488743,-0.340996,0.0,,,,,
Apolipoprotein B,EUR,503,0.084513,0.033156,0.11,0.055,0.005,0.055,0.11,0.11,-0.929665,-0.147,0.0,,,,,
Apolipoprotein B,AFR,661,0.092277,0.028911,0.11,0.055,0.055,0.055,0.11,0.11,-1.342453,0.826317,0.0,,,,,
Apolipoprotein B,EAS,504,0.105089,0.016447,0.11,0.0,0.055,0.11,0.11,0.11,-3.318308,10.672489,0.0,,,,,
Apolipoprotein B,SAS,489,0.10044,0.023119,0.11,0.0,0.055,0.11,0.11,0.11,-2.360519,4.991101,0.0,,,,,
Apolipoprotein B,AMR,347,0.095259,0.026218,0.11,0.05,0.055,0.06,0.11,0.11,-1.469435,1.080543,0.0,,,,,
Baldness (male pattern),EUR,503,0.116501,0.071034,0.1,0.1,0.0,0.1,0.2,0.2,-0.248412,-1.003164,0.0,,,,,
Baldness (male pattern),AFR,661,0.110741,0.073172,0.1,0.1,0.0,0.1,0.2,0.2,-0.169095,-1.11968,0.0,,,,,
Baldness (male pattern),EAS,504,0.118651,0.071684,0.1,0.1,0.0,0.1,0.2,0.2,-0.291142,-1.026063,0.0,,,,,
Baldness (male pattern),SAS,489,0.093865,0.06927,0.1,0.1,0.0,0.0,0.1,0.2,0.081523,-0.913577,0.0,,,,,
Baldness (male pattern),AMR,347,0.09366,0.075763,0.1,0.2,0.0,0.0,0.2,0.2,0.105579,-1.24734,0.0,,,,,
Bitter taste perception,EUR,503,0.132753,0.040612,0.125,0.058333,0.066667,0.125,0.183333,0.183333,-0.196195,-0.951003,0.0,,,,,
Bitter taste perception,AFR,661,0.1088,0.03791,0.125,0.05,0.066667,0.075,0.125,0.183333,0.455321,-0.786826,0.0,,,,,
Bitter taste perception,EAS,504,0.10458,0.03975,0.125,0.058333,0.066667,0.066667,0.125,0.183333,0.566599,-0.764632,0.0,,,,,
Bitter taste perception,SAS,489,0.142553,0.040895,0.125,0.058333,0.066667,0.125,0.183333,0.183333,-0.511045,-0.87542,0.0,,,,,
Bitter taste perception,AMR,347,0.10281,0.037315,0.108333,0.058333,0.066667,0.066667,0.125,0.183333,0.581947,-0.640641,0.0,,,,,
Blood pressure,EUR,503,0.117927,0.035989,0.11125,0.04625,0.055,0.09,0.13625,0.18625,0.063086,-0.201491,0.0,,,,,
Blood pressure,AFR,661,0.119682,0.03258,0.115,0.0525,0.0625,0.09,0.1425,0.1675,0.026092,-0.303758,0.0,,,,,
Blood pressure,EAS,504,0.134251,0.026095,0.1425,0.025,0.08625,0.1175,0.1425,0.1675,-0.172453,-0.150764,0.0,,,,,
Blood pressure,SAS,489,0.119504,0.033844,0.1175,0.0525,0.05625,0.09,0.1425,0.1675,-0.142009,-0.072386,0.0,,,,,
Blood pressure,AMR,347,0.117849,0.032666,0.1175,0.05375,0.05875,0.08625,0.14,0.1675,-0.085402,0.039245,4e-06,,,,,
Blood type (ABO),EUR,503,0.012674,0.030429,0.0,0.0,0.0,0.0,0.0,0.075,2.289331,4.55744,0.0,,,,,
Blood type (ABO),AFR,661,0.025416,0.04191,0.0,0.075,0.0,0.0,0.075,0.075,1.414322,1.025431,0.0,,,,,
Blood type (ABO),EAS,504,0.029018,0.041708,0.0,0.075,0.0,0.0,0.075,0.075,1.079128,0.159091,0.0,,,,,
Blood type (ABO),SAS,489,0.034969,0.046015,0.0,0.075,0.0,0.0,0.075,0.15,0.954721,-0.118817,0.0,,,,,
Blood type (ABO),AMR,347,0.007133,0.022759,0.0,0.0,0.0,0.0,0.0,0.075,3.067042,8.614357,0.0,,,,,
Body composition,EUR,503,0.096108,0.07158,0.08,0.08,0.0,0.0625,0.1425,0.2225,0.355061,-0.537509,0.0,,,,,
Body composition,AFR,661,0.113733,0.06859,0.08,0.08,0.0,0.08,0.16,0.2225,0.240012,-0.325541,0.0,,,,,
Body composition,EAS,504,0.050298,0.056005,0.0625,0.08,0.0,0.0,0.08,0.1425,0.851261,-0.087545,0.0,,,,,
Body composition,SAS,489,0.08614,0.066896,0.08,0.08,0.0,0.0625,0.1425,0.205,0.437577,-0.468513,0.0,,,,,
Body composition,AMR,347,0.05871,0.058649,0.0625,0.08,0.0,0.0,0.08,0.16,0.669617,-0.325861,0.0,,,,,
Bone density,EUR,503,0.12119,0.037306,0.116667,0.041667,0.075,0.108333,0.15,0.183333,-0.333262,0.282826,0.0,,,,,
Bone density,AFR,661,0.150492,0.016273,0.15,0.0,0.116667,0.15,0.15,0.183333,-0.22577,4.121283,0.0,,,,,
Bone density,EAS,504,0.11696,0.030828,0.116667,0.041667,0.066667,0.108333,0.15,0.15,-0.665398,-0.112903,0.0,,,,,
Bone density,SAS,489,0.127079,0.032106,0.116667,0.033333,0.075,0.116667,0.15,0.183333,-0.479415,0.545141,0.0,,,,,
Bone density,AMR,347,0.112272,0.036699,0.116667,0.066667,0.041667,0.083333,0.15,0.183333,-0.096088,0.103981,0.0,,,,,
Caffeine metabolism,EUR,503,0.105206,0.031599,0.105714,0.042143,0.054286,0.087857,0.13,0.156429,-0.299746,-0.304077,0.0,,,,,
Caffeine metabolism,AFR,661,0.088761,0.034485,0.090714,0.04,0.031429,0.065714,0.105714,0.139286,0.10474,-0.477218,0.0,,,,,
Caffeine metabolism,EAS,504,0.07879,0.032372,0.071429,0.04,0.022857,0.056429,0.096429,0.130607,0.160005,-0.481899,2e-06,,,,,
Caffeine metabolism,SAS,489,0.098158,0.032048,0.096429,0.058571,0.045714,0.071429,0.13,0.15,0.021691,-0.538348,1e-06,,,,,
Caffeine metabolism,AMR,347,0.072919,0.03921,0.062857,0.055,0.017143,0.042143,0.097143,0.132214,0.287132,-0.807321,0.0,,,,,
Caffeine sensitivity (anxiety),EUR,503,0.070318,0.062481,0.09,0.09,0.0,0.0,0.09,0.18,0.321763,-0.914914,0.0,,,,,
Caffeine sensitivity (anxiety),AFR,661,0.122678,0.058291,0.09,0.09,0.0,0.09,0.18,0.18,-0.520211,-0.681197,0.0,,,,,
Caffeine sensitivity (anxiety),EAS,504,0.095,0.064262,0.09,0.09,0.0,0.09,0.18,0.18,-0.081056,-1.033921,0.0,,,,,
Caffeine sensitivity (anxiety),SAS,489,0.119448,0.060655,0.09,0.09,0.0,0.09,0.18,0.18,-0.500574,-0.772548,0.0,,,,,
Caffeine sensitivity (anxiety),AMR,347,0.082478,0.061693,0.09,0.09,0.0,0.0,0.09,0.18,0.107509,-0.870962,0.0,,,,,
Celiac disease,EUR,503,0.042545,0.086655,0.0,0.0,0.0,0.0,0.0,0.2,1.765553,2.0467,0.0,,,,,
Celiac disease,AFR,661,0.021483,0.0639,0.0,0.0,0.0,0.0,0.0,0.2,2.811307,6.941012,0.0,,,,,
Celiac disease,EAS,504,0.020635,0.060898,0.0,0.0,0.0,0.0,0.0,0.2,2.60909,4.807352,0.0,,,,,
Celiac disease,SAS,489,0.031493,0.080406,0.0,0.0,0.0,0.0,0.0,0.2,2.520073,5.856996,0.0,,,,,
Celiac disease,AMR,347,0.047262,0.097733,0.0,0.0,0.0,0.0,0.0,0.2,1.955702,3.033946,0.0,,,,,
Cognitive function,EUR,503,0.112167,0.042167,0.1,0.05,0.05,0.095,0.145,0.19,-0.114642,-0.434769,0.0,,,,,
Cognitive function,AFR,661,0.154085,0.032161,0.145,0.045,0.1,0.145,0.19,0.19,-0.385381,-0.738536,0.0,,,,,
Cognitive function,EAS,504,0.12003,0.044337,0.14,0.055,0.045,0.09,0.145,0.19,-0.1462,-0.347372,0.0,,,,,
Cognitive function,SAS,489,0.105613,0.041557,0.1,0.05,0.05,0.095,0.145,0.19,-0.036877,-0.093354,0.0,,,,,
Cognitive function,AMR,347,0.135173,0.043952,0.145,0.09,0.05,0.1,0.19,0.19,-0.404249,-0.603932,0.0,,,,,
Colorectal cancer risk,EUR,503,0.082932,0.03993,0.0825,0.075,0.0375,0.045,0.12,0.165,0.071322,-0.480544,0.0,,,,,
Colorectal cancer risk,AFR,661,0.138699,0.02919,0.1275,0.0375,0.09,0.1275,0.165,0.165,-1.020105,1.024677,0.0,,,,,
Colorectal cancer risk,EAS,504,0.074866,0.0434,0.0825,0.0825,0.0,0.0375,0.12,0.165,0.218139,-0.520554,0.0,,,,,
Colorectal cancer risk,SAS,489,0.084586,0.040477,0.0825,0.075,0.0,0.045,0.12,0.165,-0.094398,-0.34171,0.0,,,,,
Colorectal cancer risk,AMR,347,0.091037,0.040999,0.0825,0.045,0.0375,0.075,0.12,0.165,-0.165235,-0.502425,0.0,,,,,
Detoxification,EUR,503,0.06224,0.018967,0.062273,0.024545,0.031364,0.049545,0.074091,0.091818,0.174402,0.013941,0.16624,,,,,
Detoxification,AFR,661,0.051575,0.017667,0.051818,0.022727,0.021818,0.040454,0.063182,0.079546,0.155659,0.079614,0.213485,,,,,
Detoxification,EAS,504,0.061209,0.019976,0.060455,0.027727,0.029159,0.046818,0.074546,0.095454,0.098957,-0.115754,0.337205,,,,,
Detoxification,SAS,489,0.070514,0.02065,0.07,0.030455,0.040454,0.055454,0.085909,0.104818,0.164143,-0.342915,0.020773,,,,,
Detoxification,AMR,347,0.07777,0.023761,0.076818,0.032273,0.040591,0.060455,0.092727,0.119863,0.271495,-0.065955,0.120062,,,,,
Dopamine regulation,EUR,503,0.081859,0.019417,0.081875,0.0275,0.050625,0.06875,0.09625,0.114312,0.020981,-0.37791,0.150851,,,,,
Dopamine regulation,AFR,661,0.070035,0.016281,0.06875,0.019375,0.046875,0.060625,0.08,0.099375,0.219726,0.418534,1.7e-05,,,,,
Dopamine regulation,EAS,504,0.076522,0.020704,0.076875,0.025625,0.04125,0.064375,0.09,0.11125,0.020095,-0.299384,0.020673,,,,,
Dopamine regulation,SAS,489,0.082768,0.021729,0.0825,0.028125,0.048125,0.06875,0.096875,0.118125,0.097298,0.01517,0.260159,,,,,
Dopamine regulation,AMR,347,0.080566,0.020585,0.08,0.02625,0.048125,0.06625,0.0925,0.116062,0.216194,-0.255406,0.110436,,,,,
Drug metabolism (neuro),EUR,503,0.203529,0.071333,0.25,0.125,0.125,0.125,0.25,0.25,-1.253502,0.577781,0.0,,,,,
Drug metabolism (neuro),AFR,661,0.234871,0.045205,0.25,0.0,0.125,0.25,0.25,0.25,-3.061237,9.246797,0.0,,,,,
Drug metabolism (neuro),EAS,504,0.249504,0.007866,0.25,0.0,0.25,0.25,0.25,0.25,-15.77986,247.003984,0.0,,,,,
Drug metabolism (neuro),SAS,489,0.222648,0.058692,0.25,0.0,0.125,0.25,0.25,0.25,-2.046045,3.446785,0.0,,,,,
Drug metabolism (neuro),AMR,347,0.217579,0.062557,0.25,0.0,0.125,0.25,0.25,0.25,-1.766941,2.270916,0.0,,,,,
Earwax type,EUR,503,0.061282,0.111684,0.0,0.0,0.0,0.0,0.0,0.225,1.594134,1.62482,0.0,,,,,
Earwax type,AFR,661,0.005446,0.036756,0.0,0.0,0.0,0.0,0.0,0.0,7.204038,56.519446,0.0,,,,,
Earwax type,EAS,504,0.350893,0.140528,0.45,0.225,0.0,0.225,0.45,0.45,-1.107954,0.136824,0.0,,,,,
Earwax type,SAS,489,0.216718,0.159534,0.225,0.225,0.0,0.0,0.225,0.45,0.052463,-1.00675,0.0,,,,,
Earwax type,AMR,347,0.062896,0.108113,0.0,0.225,0.0,0.0,0.225,0.225,1.367819,0.741288,0.0,,,,,
Eye color,EUR,503,0.13552,0.050727,0.141667,0.066666,0.05,0.116667,0.183333,0.183333,-0.535905,-0.824229,0.0,,,,,
Eye color,AFR,661,0.005585,0.019042,0.0,0.0,0.0,0.0,0.0,0.066667,3.967377,17.054956,0.0,,,,,
Eye color,EAS,504,0.000612,0.005098,0.0,0.0,0.0,0.0,0.0,0.0,10.178334,116.549049,0.0,,,,,
Eye color,SAS,489,0.013701,0.025878,0.0,0.025,0.0,0.0,0.025,0.066667,1.898274,2.775677,0.0,,,,,
Eye color,AMR,347,0.051681,0.047412,0.05,0.058333,0.0,0.025,0.083333,0.153333,0.884547,0.116837,0.0,,,,,
Folate & methylation,EUR,503,0.080678,0.021093,0.081,0.027,0.0451,0.0675,0.0945,0.1154,-0.167229,0.058752,0.487083,,,,,
Folate & methylation,AFR,661,0.04604,0.02158,0.043,0.0295,0.014,0.031,0.0605,0.0855,0.535487,0.106121,0.0,,,,,
Folate & methylation,EAS,504,0.052939,0.021293,0.05275,0.0285,0.019,0.038,0.0665,0.09185,0.187506,-0.228786,0.065153,,,,,
Folate & methylation,SAS,489,0.072179,0.022989,0.072,0.031,0.0305,0.0575,0.0885,0.1076,-0.141995,-0.394988,0.022576,,,,,
Folate & methylation,AMR,347,0.069215,0.022017,0.0695,0.029,0.0295,0.055,0.084,0.1062,0.036077,-0.153419,0.78878,,,,,
Glucose metabolism,EUR,503,0.101678,0.029611,0.1,0.042333,0.056,0.079667,0.122,0.153266,0.206606,-0.367309,0.03487,,,,,
Glucose metabolism,AFR,661,0.092915,0.019042,0.092667,0.024,0.063333,0.080667,0.104667,0.126,0.182519,-0.079203,0.158888,,,,,
Glucose metabolism,EAS,504,0.075034,0.020865,0.073667,0.028,0.039433,0.062,0.09,0.106467,0.060068,-0.211461,0.149181,,,,,
Glucose metabolism,SAS,489,0.102239,0.02577,0.100667,0.034,0.062933,0.084,0.118,0.145333,0.355243,-0.006792,0.003344,,,,,
Glucose metabolism,AMR,347,0.089245,0.02868,0.086,0.041333,0.047333,0.068333,0.109667,0.141133,0.348086,-0.572332,8.2e-05,,,,,
Hair color (black),EUR,503,0.007008,0.018933,0.0,0.0,0.0,0.0,0.0,0.05,2.681029,6.739964,0.0,,,,,
Hair color (black),AFR,661,0.281682,0.041086,0.3,0.0,0.2,0.3,0.3,0.3,-2.170704,3.856686,0.0,,,,,
Hair color (black),EAS,504,0.29165,0.022775,0.3,0.0,0.258333,0.3,0.3,0.3,-3.434962,14.672862,0.0,,,,,
Hair color (black),SAS,489,0.157055,0.07292,0.141667,0.1,0.05,0.1,0.2,0.3,0.538362,-0.727506,0.0,,,,,
Hair color (black),AMR,347,0.12769,0.092138,0.1,0.15,0.0,0.05,0.2,0.3,0.34426,-0.909975,0.0,,,,,
Hair color (blonde),EUR,503,0.115718,0.03313,0.125,0.03125,0.0625,0.09375,0.125,0.175,0.116884,-0.300968,0.0,,,,,
Hair color (blonde),AFR,661,0.065043,0.010187,0.0625,0.0,0.0625,0.0625,0.0625,0.09375,4.715439,30.322649,0.0,,,,,
Hair color (blonde),EAS,504,0.06281,0.0031,0.0625,0.0,0.0625,0.0625,0.0625,0.0625,9.889895,95.81002,0.0,,,,,
Hair color (blonde),SAS,489,0.069581,0.015774,0.0625,0.0,0.0625,0.0625,0.0625,0.09375,1.039742,1.456154,0.0,,,,,
Hair color (blonde),AMR,347,0.084744,0.028219,0.0625,0.03125,0.0625,0.0625,0.09375,0.125,0.797982,-0.010315,0.0,,,,,
Hair color (brown),EUR,503,0.100431,0.045499,0.108333,0.05,0.033333,0.066667,0.116667,0.166667,0.473207,-0.175025,0.0,,,,,
Hair color (brown),AFR,661,0.243684,0.019563,0.25,0.0,0.2,0.25,0.25,0.25,-3.679998,15.877027,0.0,,,,,
Hair color (brown),EAS,504,0.249306,0.005492,0.25,0.0,0.25,0.25,0.25,0.25,-7.834182,59.887878,0.0,,,,,
Hair color (brown),SAS,489,0.237594,0.022947,0.25,0.0,0.2,0.25,0.25,0.25,-1.64175,1.762648,0.0,,,,,
Hair color (brown),AMR,347,0.186359,0.050105,0.2,0.05,0.108333,0.158333,0.208333,0.25,-0.554769,-0.247879,0.0,,,,,
Hair color (red),EUR,503,0.009775,0.022879,0.0,0.0,0.0,0.0,0.0,0.058333,2.206582,4.090489,0.0,,,,,
Hair color (red),AFR,661,0.000429,0.004922,0.0,0.0,0.0,0.0,0.0,0.0,11.423416,128.873611,0.0,,,,,
Hair color (red),EAS,504,0.000116,0.002598,0.0,0.0,0.0,0.0,0.0,0.0,22.383074,499.001988,0.0,,,,,
Hair color (red),SAS,489,0.000733,0.006235,0.0,0.0,0.0,0.0,0.0,0.0,8.669756,74.832209,0.0,,,,,
Hair color (red),AMR,347,0.003002,0.012813,0.0,0.0,0.0,0.0,0.0,0.033333,4.58553,22.440703,0.0,,,,,
Hair graying (early),EUR,503,0.034891,0.069505,0.0,0.0,0.0,0.0,0.0,0.15,1.792887,2.338678,0.0,,,,,
Hair graying (early),AFR,661,0.002496,0.020903,0.0,0.0,0.0,0.0,0.0,0.0,9.164941,93.127036,0.0,,,,,
Hair graying (early),EAS,504,0.0,1.0,0.0,0.0,0.0,0.0,0.0,0.0,,,1.0,,,,,
Hair graying (early),SAS,489,0.00184,0.01653,0.0,0.0,0.0,0.0,0.0,0.0,8.860724,76.512422,0.0,,,,,
Hair graying (early),AMR,347,0.021614,0.055164,0.0,0.0,0.0,0.0,0.0,0.15,2.370336,4.692259,0.0,,,,,
Histamine intolerance,EUR,503,0.071451,0.019629,0.066667,0.033333,0.06,0.06,0.093333,0.103333,0.767066,1.17339,0.0,,,,,
Histamine intolerance,AFR,661,0.087292,0.025717,0.096667,0.036666,0.06,0.066667,0.103333,0.133333,0.163069,-0.63205,0.0,,,,,
Histamine intolerance,EAS,504,0.064101,0.010097,0.06,0.006667,0.06,0.06,0.066667,0.093333,2.607765,7.897067,0.0,,,,,
Histamine intolerance,SAS,489,0.077307,0.022469,0.066667,0.036667,0.06,0.06,0.096667,0.13,1.020079,0.50756,0.0,,,,,
Histamine intolerance,AMR,347,0.071931,0.019703,0.06,0.013333,0.06,0.06,0.073333,0.103333,1.559747,2.854692,0.0,,,,,
Inflammation (CRP levels),EUR,503,0.141988,0.050697,0.155,0.055,0.05,0.105,0.16,0.21,-0.436531,-0.395637,0.0,,,,,
Inflammation (CRP levels),AFR,661,0.185348,0.034201,0.21,0.05,0.105,0.16,0.21,0.21,-1.197651,0.761767,0.0,,,,,
Inflammation (CRP levels),EAS,504,0.154494,0.046721,0.155,0.1,0.055,0.11,0.21,0.21,-0.653226,0.040291,0.0,,,,,
Inflammation (CRP levels),SAS,489,0.14545,0.04756,0.155,0.055,0.055,0.105,0.16,0.21,-0.484431,-0.050934,0.0,,,,,
Inflammation (CRP levels),AMR,347,0.130865,0.047211,0.155,0.055,0.05,0.1,0.155,0.21,-0.048525,-0.533399,0.0,,,,,
Inflammation (CRP),EUR,503,0.113976,0.048543,0.115,0.085,0.03,0.085,0.17,0.17,-0.442305,-0.693636,0.0,,,,,
Inflammation (CRP),AFR,661,0.105015,0.038981,0.115,0.055,0.06,0.06,0.115,0.17,0.161878,-0.815692,0.0,,,,,
Inflammation (CRP),EAS,504,0.112728,0.041076,0.115,0.055,0.06,0.085,0.14,0.17,-0.142097,-0.857708,0.0,,,,,
Inflammation (CRP),SAS,489,0.085757,0.04504,0.085,0.055,0.012,0.06,0.115,0.17,0.101057,-0.624356,0.0,,,,,
Inflammation (CRP),AMR,347,0.089568,0.051027,0.085,0.06,0.0,0.055,0.115,0.17,-0.02144,-0.919099,0.0,,,,,
Inflammation (TNF-alpha),EUR,503,0.033549,0.058717,0.0,0.125,0.0,0.0,0.125,0.125,1.386869,0.735773,0.0,,,,,
Inflammation (TNF-alpha),AFR,661,0.029879,0.056791,0.0,0.0,0.0,0.0,0.0,0.125,1.605244,1.495168,0.0,,,,,
Inflammation (TNF-alpha),EAS,504,0.014633,0.040992,0.0,0.0,0.0,0.0,0.0,0.125,2.550267,5.146311,0.0,,,,,
Inflammation (TNF-alpha),SAS,489,0.013292,0.040199,0.0,0.0,0.0,0.0,0.0,0.125,2.917845,7.825073,0.0,,,,,
Inflammation (TNF-alpha),AMR,347,0.017291,0.045259,0.0,0.0,0.0,0.0,0.0,0.125,2.454713,5.160844,0.0,,,,,
Iron levels,EUR,503,0.060643,0.034275,0.07,0.036667,0.0,0.036667,0.073333,0.123333,0.351891,-0.107723,0.0,,,,,
Iron levels,AFR,661,0.066939,0.016168,0.073333,0.0,0.036667,0.073333,0.073333,0.073333,-1.436348,2.605082,0.0,,,,,
Iron levels,EAS,504,0.033783,0.026186,0.036667,0.036667,0.0,0.0,0.036667,0.073333,0.291696,-0.484307,0.0,,,,,
Iron levels,SAS,489,0.038425,0.028748,0.036667,0.07,0.0,0.0,0.07,0.073333,0.299507,-0.524567,0.0,,,,,
Iron levels,AMR,347,0.045562,0.031675,0.036667,0.038333,0.0,0.035,0.073333,0.103333,0.230079,-0.407605,0.0,,,,,
Lactose intolerance,EUR,503,0.149867,0.013716,0.15,0.033334,0.133333,0.133333,0.166667,0.166667,0.444025,1.107291,0.0,,,,,
Lactose intolerance,AFR,661,0.166617,0.007565,0.166667,0.0,0.166667,0.166667,0.166667,0.166667,3.586347,34.121738,0.0,,,,,
Lactose intolerance,EAS,504,0.166667,0.0,0.166667,0.0,0.166667,0.166667,0.166667,0.166667,1.0,-2.0,1.0,,,,,
Lactose intolerance,SAS,489,0.163702,0.011529,0.166667,0.0,0.15,0.166667,0.166667,0.166667,1.328425,18.598719,0.0,,,,,
Lactose intolerance,AMR,347,0.160039,0.011721,0.166667,0.016667,0.133333,0.15,0.166667,0.166667,0.532389,6.535848,0.0,,,,,
Lipid metabolism,EUR,503,0.076435,0.019406,0.074667,0.0245,0.047033,0.064,0.0885,0.110333,0.349395,-0.02057,0.002185,,,,,
Lipid metabolism,AFR,661,0.075584,0.016327,0.075667,0.022667,0.05,0.064,0.086667,0.102667,0.168005,-0.05453,0.104734,,,,,
Lipid metabolism,EAS,504,0.067944,0.016524,0.067333,0.0215,0.042,0.056583,0.078083,0.096567,0.364589,0.073324,0.000794,,,,,
Lipid metabolism,SAS,489,0.070231,0.018269,0.068,0.024,0.043,0.057667,0.081667,0.1022,0.558087,0.364309,1e-06,,,,,
Lipid metabolism,AMR,347,0.082985,0.018181,0.082333,0.023333,0.055767,0.070167,0.0935,0.113567,0.432314,0.408984,0.003961,,,,,
Longevity & lifespan,EUR,503,0.073161,0.069541,0.1,0.1,0.0,0.0,0.1,0.2,0.416192,-0.893444,0.0,,,,,
Longevity & lifespan,AFR,661,0.163843,0.055675,0.2,0.1,0.1,0.1,0.2,0.2,-1.246194,0.570509,0.0,,,,,
Longevity & lifespan,EAS,504,0.059325,0.064555,0.1,0.1,0.0,0.0,0.1,0.2,0.626543,-0.603489,0.0,,,,,
Longevity & lifespan,SAS,489,0.099387,0.06998,0.1,0.0,0.0,0.1,0.1,0.2,0.008371,-0.953828,0.0,,,,,
Longevity & lifespan,AMR,347,0.066571,0.06611,0.1,0.1,0.0,0.0,0.1,0.2,0.487042,-0.734753,0.0,,,,,
Morning chronotype (early bird),EUR,503,0.058613,0.030861,0.0525,0.045,0.0075,0.045,0.09,0.09,-0.812787,0.31533,0.0,,,,,
Morning chronotype (early bird),AFR,661,0.069066,0.027648,0.09,0.0375,0.0075,0.0525,0.09,0.09,-1.077135,0.373087,0.0,,,,,
Morning chronotype (early bird),EAS,504,0.077054,0.022092,0.09,0.0375,0.045,0.0525,0.09,0.09,-1.777344,3.712261,0.0,,,,,
Morning chronotype (early bird),SAS,489,0.050475,0.033394,0.0525,0.075,0.0075,0.015,0.09,0.09,-0.566616,-0.08889,0.0,,,,,
Morning chronotype (early bird),AMR,347,0.06763,0.026648,0.09,0.0375,0.015,0.0525,0.09,0.09,-0.804845,-0.471017,0.0,,,,,
Muscle performance,EUR,503,0.085007,0.050592,0.091667,0.058334,0.0,0.058333,0.116667,0.174167,0.294896,-0.135154,0.0,,,,,
Muscle performance,AFR,661,0.016818,0.027631,0.0,0.033333,0.0,0.0,0.033333,0.058333,1.308383,0.493215,0.0,,,,,
Muscle performance,EAS,504,0.081316,0.048129,0.091667,0.060417,0.0,0.058333,0.11875,0.15,0.149772,-0.655505,0.0,,,,,
Muscle performance,SAS,489,0.089537,0.045339,0.091667,0.058334,0.0,0.058333,0.116667,0.15,-0.050461,-0.550106,0.0,,,,,
Muscle performance,AMR,347,0.088641,0.04459,0.091667,0.058334,0.0,0.058333,0.116667,0.15,-0.095983,-0.421598,0.0,,,,,
Obesity predisposition,EUR,503,0.116704,0.043471,0.117083,0.071041,0.0575,0.0725,0.143541,0.19,0.188701,-1.015268,0.0,,,,,
Obesity predisposition,AFR,661,0.103701,0.026762,0.101667,0.0375,0.06,0.085,0.1225,0.148333,0.184027,-0.287649,0.037723,,,,,
Obesity predisposition,EAS,504,0.086415,0.03188,0.071667,0.054583,0.050833,0.061667,0.11625,0.139583,1.116845,0.34802,0.0,,,,,
Obesity predisposition,SAS,489,0.102117,0.037752,0.105417,0.057083,0.051667,0.07,0.127083,0.179333,0.518915,-0.482957,0.0,,,,,
Obesity predisposition,AMR,347,0.096064,0.033954,0.086667,0.055833,0.0575,0.068333,0.124166,0.160833,0.657255,-0.332306,0.0,,,,,
Omega-3 metabolism,EUR,503,0.089399,0.013759,0.0865,0.017,0.069,0.079,0.096,0.113,0.434462,-0.315937,0.0,,,,,
Omega-3 metabolism,AFR,661,0.086871,0.01144,0.086,0.015,0.069,0.079,0.094,0.107,0.184869,0.373707,3.5e-05,,,,,
Omega-3 metabolism,EAS,504,0.110474,0.015883,0.1115,0.024,0.086575,0.097,0.121,0.137,0.004263,-0.665878,0.0,,,,,
Omega-3 metabolism,SAS,489,0.088087,0.011874,0.089,0.016,0.069,0.079,0.095,0.106,0.800916,0.996131,0.0,,,,,
Omega-3 metabolism,AMR,347,0.106798,0.018586,0.105,0.02725,0.079,0.09375,0.121,0.139,0.04582,-0.736732,5.9e-05,,,,,
Pain sensitivity,EUR,503,0.149667,0.036702,0.1475,0.055,0.07675,0.13,0.185,0.185,-0.789426,0.111778,0.0,,,,,
Pain sensitivity,AFR,661,0.14388,0.038282,0.13,0.055,0.075,0.13,0.185,0.185,-0.427589,-0.756359,0.0,,,,,
Pain sensitivity,EAS,504,0.13622,0.039116,0.1475,0.0375,0.055,0.11,0.1475,0.185,-0.575149,-0.162064,0.0,,,,,
Pain sensitivity,SAS,489,0.132152,0.039272,0.1475,0.0375,0.055,0.11,0.1475,0.185,-0.578282,-0.038463,0.0,,,,,
Pain sensitivity,AMR,347,0.131304,0.04322,0.13,0.0925,0.055,0.0925,0.185,0.185,-0.476814,-0.392094,0.0,,,,,
Reward sensitivity & BMI,EUR,503,0.037575,0.057154,0.0,0.1,0.0,0.0,0.1,0.1,1.233219,0.526251,0.0,,,,,
Reward sensitivity & BMI,AFR,661,0.077005,0.067313,0.1,0.1,0.0,0.0,0.1,0.2,0.309923,-0.822421,0.0,,,,,
Reward sensitivity & BMI,EAS,504,0.081151,0.069804,0.1,0.1,0.0,0.0,0.1,0.2,0.274812,-0.939979,0.0,,,,,
Reward sensitivity & BMI,SAS,489,0.062986,0.067751,0.1,0.1,0.0,0.0,0.1,0.2,0.610372,-0.712845,0.0,,,,,
Reward sensitivity & BMI,AMR,347,0.062248,0.06833,0.1,0.1,0.0,0.0,0.1,0.2,0.640791,-0.70676,0.0,,,,,
Skin pigmentation,EUR,503,0.103877,0.026544,0.1,0.0,0.05,0.1,0.1,0.141667,-0.238834,2.260529,0.0,,,,,
Skin pigmentation,AFR,661,0.112267,0.025144,0.116667,0.0,0.058333,0.116667,0.116667,0.158333,-0.873591,4.989544,0.0,,,,,
Skin pigmentation,EAS,504,0.115873,0.009938,0.116667,0.0,0.116667,0.116667,0.116667,0.116667,-2.920273,28.416216,0.0,,,,,
Skin pigmentation,SAS,489,0.043183,0.04429,0.05,0.058333,0.0,0.0,0.058333,0.116667,0.724858,-0.116735,0.0,,,,,
Skin pigmentation,AMR,347,0.100312,0.051488,0.108333,0.058334,0.0,0.058333,0.116667,0.178333,0.216442,-0.018164,0.0,,,,,
Telomere length,EUR,503,0.086948,0.032663,0.093333,0.055,0.033333,0.063333,0.118333,0.126667,-0.227622,-0.312353,0.0,,,,,
Telomere length,AFR,661,0.12201,0.029002,0.121667,0.05,0.066667,0.096667,0.146667,0.176667,-0.216343,-0.120016,0.0,,,,,
Telomere length,EAS,504,0.053833,0.031038,0.063333,0.036667,0.0,0.03,0.066667,0.096667,0.129007,-0.484087,0.0,,,,,
Telomere length,SAS,489,0.091602,0.032009,0.096667,0.058334,0.033333,0.063333,0.121667,0.138667,-0.313409,0.141318,0.0,,,,,
Telomere length,AMR,347,0.075413,0.038053,0.066667,0.038333,0.0,0.058333,0.096667,0.126667,-0.00428,-0.326224,0.0,,,,,
Tendinopathy risk,EUR,503,0.117187,0.052509,0.105,0.06,0.05,0.1,0.16,0.21,-0.027898,-0.632513,0.0,,,,,
Tendinopathy risk,AFR,661,0.083071,0.043246,0.1,0.05,0.0,0.05,0.1,0.155,0.179973,-0.170301,0.0,,,,,
Tendinopathy risk,EAS,504,0.090794,0.047089,0.1,0.055,0.0,0.05,0.105,0.15925,0.190293,-0.278465,0.0,,,,,
Tendinopathy risk,SAS,489,0.121452,0.050804,0.105,0.055,0.05,0.1,0.155,0.21,-0.070976,-0.406372,0.0,,,,,
Tendinopathy risk,AMR,347,0.116844,0.051549,0.105,0.055,0.05,0.1,0.155,0.21,-0.082352,-0.317419,0.0,,,,,
Urate levels,EUR,503,0.055335,0.045294,0.063333,0.083333,-0.016667,0.016667,0.1,0.143333,-0.006507,-0.253091,0.0,,,,,
Urate levels,AFR,661,0.038694,0.03929,0.05,0.05,-0.033333,0.0,0.05,0.1,0.110533,-0.706821,0.0,,,,,
Urate levels,EAS,504,0.113208,0.036254,0.1,0.046667,0.066667,0.1,0.146667,0.188333,0.106571,-0.273628,0.0,,,,,
Urate levels,SAS,489,0.054192,0.040913,0.063333,0.05,-0.016667,0.016667,0.066667,0.113333,-0.18159,0.092379,0.0,,,,,
Urate levels,AMR,347,0.051844,0.047169,0.05,0.08,-0.033333,0.016667,0.096667,0.145667,0.109879,-0.21854,8e-06,,,,,
Vitamin A (beta-carotene),EUR,503,0.086282,0.052787,0.0625,0.0625,0.0,0.0625,0.125,0.175,0.086735,-0.64801,0.0,,,,,
Vitamin A (beta-carotene),AFR,661,0.083264,0.042076,0.0625,0.0625,0.0,0.0625,0.125,0.125,-0.418155,-0.690506,0.0,,,,,
Vitamin A (beta-carotene),EAS,504,0.041939,0.043585,0.05,0.0625,0.0,0.0,0.0625,0.1125,0.877401,0.490011,0.0,,,,,
Vitamin A (beta-carotene),SAS,489,0.08456,0.054732,0.0625,0.0625,0.0,0.0625,0.125,0.175,0.179459,-0.530576,0.0,,,,,
Vitamin A (beta-carotene),AMR,347,0.075612,0.050852,0.0625,0.0625,0.0,0.05,0.1125,0.175,0.279752,-0.307209,0.0,,,,,
Vitamin B12 status,EUR,503,0.125414,0.038213,0.12,0.041667,0.071667,0.108333,0.15,0.186667,-0.085251,-0.003976,0.0,,,,,
Vitamin B12 status,AFR,661,0.127327,0.03185,0.12,0.036667,0.083333,0.113333,0.15,0.186667,0.116652,-0.464417,0.0,,,,,
Vitamin B12 status,EAS,504,0.092791,0.014888,0.083333,0.03,0.083333,0.083333,0.113333,0.113333,1.145325,0.066103,0.0,,,,,
Vitamin B12 status,SAS,489,0.110757,0.031472,0.113333,0.036667,0.078333,0.083333,0.12,0.156667,0.381422,-0.014592,0.0,,,,,
Vitamin B12 status,AMR,347,0.11561,0.034753,0.12,0.066667,0.071667,0.083333,0.15,0.18,0.174115,-0.251327,0.0,,,,,
Vitamin C,EUR,503,0.013842,0.0233,0.0,0.0375,0.0,0.0,0.0375,0.05,1.655691,2.548106,0.0,,,,,
Vitamin C,AFR,661,0.01458,0.024258,0.0,0.0375,0.0,0.0,0.0375,0.05,1.570865,2.056996,0.0,,,,,
Vitamin C,EAS,504,0.01441,0.021422,0.0,0.0375,0.0,0.0,0.0375,0.05,1.19259,0.537022,0.0,,,,,
Vitamin C,SAS,489,0.006186,0.015724,0.0,0.0,0.0,0.0,0.0,0.0375,2.561933,6.487492,0.0,,,,,
Vitamin C,AMR,347,0.011888,0.020207,0.0,0.0375,0.0,0.0,0.0375,0.05,1.41138,0.92182,0.0,,,,,
Vitamin D activation,EUR,503,0.123857,0.069913,0.1,0.1,0.0,0.1,0.2,0.2,-0.364365,-0.926695,0.0,,,,,
Vitamin D activation,AFR,661,0.156278,0.056762,0.2,0.1,0.1,0.1,0.2,0.2,-0.869257,-0.257599,0.0,,,,,
Vitamin D activation,EAS,504,0.136111,0.065269,0.1,0.1,0.0,0.1,0.2,0.2,-0.528691,-0.689662,0.0,,,,,
Vitamin D activation,SAS,489,0.128425,0.069171,0.1,0.1,0.0,0.1,0.2,0.2,-0.442177,-0.867656,0.0,,,,,
Vitamin D activation,AMR,347,0.143228,0.062961,0.2,0.1,0.0,0.1,0.2,0.2,-0.648258,-0.551163,0.0,,,,,
Vitamin D binding,EUR,503,0.054235,0.065818,0.0,0.11,0.0,0.0,0.11,0.22,0.780749,-0.372674,0.0,,,,,
Vitamin D binding,AFR,661,0.010983,0.033554,0.0,0.0,0.0,0.0,0.0,0.11,2.828672,6.660207,0.0,,,,,
Vitamin D binding,EAS,504,0.057401,0.068272,0.0,0.11,0.0,0.0,0.11,0.22,0.766269,-0.410262,0.0,,,,,
Vitamin D binding,SAS,489,0.065235,0.071818,0.11,0.11,0.0,0.0,0.11,0.22,0.647995,-0.604214,0.0,,,,,
Vitamin D binding,AMR,347,0.045965,0.061002,0.0,0.11,0.0,0.0,0.11,0.11,0.887326,-0.2559,0.0,,,,,
Vitamin D metabolism,EUR,503,0.104215,0.029848,0.1025,0.042083,0.060542,0.083333,0.125416,0.155583,0.239233,-0.163275,0.033512,,,,,
Vitamin D metabolism,AFR,661,0.124695,0.02185,0.127083,0.028334,0.085833,0.110833,0.139167,0.156667,-0.372949,0.209711,0.000118,,,,,
Vitamin D metabolism,EAS,504,0.124286,0.028354,0.125833,0.038542,0.073396,0.105729,0.144271,0.169167,-0.125353,-0.182059,0.222243,,,,,
Vitamin D metabolism,SAS,489,0.129573,0.029906,0.129167,0.0425,0.080833,0.1075,0.15,0.179167,0.023547,-0.282505,0.807945,,,,,
Vitamin D metabolism,AMR,347,0.114623,0.028117,0.113333,0.0375,0.0705,0.095417,0.132916,0.160833,0.181395,-0.029104,0.231152,,,,,
Vitamin D synthesis,EUR,503,0.059841,0.066031,0.1,0.1,0.0,0.0,0.1,0.2,0.652952,-0.621263,0.0,,,,,
Vitamin D synthesis,AFR,661,0.165961,0.05343,0.2,0.1,0.1,0.1,0.2,0.2,-1.25784,0.591192,0.0,,,,,
Vitamin D synthesis,EAS,504,0.124008,0.067613,0.1,0.1,0.0,0.1,0.2,0.2,-0.332167,-0.833027,0.0,,,,,
Vitamin D synthesis,SAS,489,0.169734,0.053025,0.2,0.1,0.1,0.1,0.2,0.2,-1.539138,1.443361,0.0,,,,,
Vitamin D synthesis,AMR,347,0.110086,0.072819,0.1,0.1,0.0,0.1,0.2,0.2,-0.156459,-1.101296,0.0,,,,,
Vitamin E,EUR,503,0.126501,0.036251,0.1275,0.045,0.075,0.12,0.165,0.165,-0.566812,-0.564988,0.0,,,,,
Vitamin E,AFR,661,0.142772,0.027814,0.165,0.0375,0.0825,0.1275,0.165,0.165,-1.153145,1.251614,0.0,,,,,
Vitamin E,EAS,504,0.138571,0.031087,0.165,0.045,0.075,0.12,0.165,0.165,-0.930026,0.186346,0.0,,,,,
Vitamin E,SAS,489,0.12092,0.035544,0.12,0.0825,0.075,0.0825,0.165,0.165,-0.304971,-0.648428,0.0,,,,,
Vitamin E,AMR,347,0.134524,0.031668,0.1275,0.045,0.075,0.12,0.165,0.165,-0.630048,-0.523984,0.0,,,,,
Blood type (ABO Rh),EUR,0,0.075,0.091856,0.075,,,,,,0.0,0.0,1.0,0.013089,0.136911,-0.076103,0.226103,Hardy-Weinberg estimate (SNP not in 1000G)
Blood type (ABO Rh),AFR,0,0.075,0.091856,0.075,,,,,,0.0,0.0,1.0,0.013089,0.136911,-0.076103,0.226103,Hardy-Weinberg estimate (SNP not in 1000G)
Blood type (ABO Rh),EAS,0,0.075,0.091856,0.075,,,,,,0.0,0.0,1.0,0.013089,0.136911,-0.076103,0.226103,Hardy-Weinberg estimate (SNP not in 1000G)
Blood type (ABO Rh),SAS,0,0.075,0.091856,0.075,,,,,,0.0,0.0,1.0,0.013089,0.136911,-0.076103,0.226103,Hardy-Weinberg estimate (SNP not in 1000G)
Blood type (ABO Rh),AMR,0,0.075,0.091856,0.075,,,,,,0.0,0.0,1.0,0.013089,0.136911,-0.076103,0.226103,Hardy-Weinberg estimate (SNP not in 1000G)
HDL/LDL extended,EUR,0,0.26,0.227816,0.26,,,,,,0.0,0.0,1.0,0.106452,0.413548,-0.114757,0.634757,Hardy-Weinberg estimate (SNP not in 1000G)
HDL/LDL extended,AFR,0,0.26,0.227816,0.26,,,,,,0.0,0.0,1.0,0.106452,0.413548,-0.114757,0.634757,Hardy-Weinberg estimate (SNP not in 1000G)
HDL/LDL extended,EAS,0,0.26,0.227816,0.26,,,,,,0.0,0.0,1.0,0.106452,0.413548,-0.114757,0.634757,Hardy-Weinberg estimate (SNP not in 1000G)
HDL/LDL extended,SAS,0,0.26,0.227816,0.26,,,,,,0.0,0.0,1.0,0.106452,0.413548,-0.114757,0.634757,Hardy-Weinberg estimate (SNP not in 1000G)
HDL/LDL extended,AMR,0,0.26,0.227816,0.26,,,,,,0.0,0.0,1.0,0.106452,0.413548,-0.114757,0.634757,Hardy-Weinberg estimate (SNP not in 1000G)
